{"cameraMode":{"drawMode":0,"name":"Shaded","section":"Shading Mode"},"sceneLighting":true,"audioPlay":false,"sceneViewState":{"showFog":true,"showMaterialUpdate":false,"showSkybox":true,"showFlares":true,"showImageEffects":true,"showParticleSystems":true},"in2DMode":false,"pivot":{"x":541.3200073242188,"y":472.0899963378906,"z":-267.4200134277344},"rotation":{"x":0.17823456227779389,"y":0.056427668780088428,"z":-0.0095524862408638,"w":0.9825663566589356},"size":1.7731337547302247,"orthographic":true}