{"cameraMode":{"drawMode":0,"name":"Shaded","section":"Shading Mode"},"sceneLighting":true,"audioPlay":false,"sceneViewState":{"showFog":true,"showMaterialUpdate":false,"showSkybox":true,"showFlares":true,"showImageEffects":true,"showParticleSystems":true},"in2DMode":false,"pivot":{"x":539.8968505859375,"y":475.0082702636719,"z":-293.6851501464844},"rotation":{"x":0.27974173426628115,"y":-0.15432903170585633,"z":0.04622947797179222,"w":0.9467170834541321},"size":10.493407249450684,"orthographic":true}