{"cameraMode":{"drawMode":0,"name":"Shaded","section":"Shading Mode"},"sceneLighting":true,"audioPlay":false,"sceneViewState":{"showFog":true,"showMaterialUpdate":false,"showSkybox":true,"showFlares":true,"showImageEffects":true,"showParticleSystems":true},"in2DMode":false,"pivot":{"x":538.4706420898438,"y":474.14349365234377,"z":-293.5809020996094},"rotation":{"x":-0.11163647472858429,"y":-0.13346174359321595,"z":0.014659295789897442,"w":-0.9848620295524597},"size":9.72327709197998,"orthographic":true}