{"cameraMode":{"drawMode":0,"name":"Shaded","section":"Shading Mode"},"sceneLighting":true,"audioPlay":false,"sceneViewState":{"showFog":true,"showMaterialUpdate":false,"showSkybox":true,"showFlares":true,"showImageEffects":true,"showParticleSystems":true},"in2DMode":false,"pivot":{"x":520.958740234375,"y":191.17263793945313,"z":-106.44197082519531},"rotation":{"x":0.48050132393836977,"y":-0.5194909572601318,"z":0.5017231106758118,"w":0.4975193440914154},"size":3718.649658203125,"orthographic":false}